{"name":"Candy CBT 2.5","targetUrl":"http://localhost/candycbt/","counter":false,"bounce":false,"width":1280,"height":800,"showMenuBar":false,"fastQuit":false,"userAgent":"Mozilla/5.0 (Windows NT 10.0; Win64; x64) AppleWebKit/537.36 (KHTML, like Gecko) Chrome/73.0.3683.121 Safari/537.36","nativefierVersion":"7.7.0","ignoreCertificate":false,"disableGpu":false,"ignoreGpuBlacklist":false,"enableEs3Apis":false,"insecure":false,"flashPluginDir":null,"diskCacheSize":null,"fullScreen":true,"zoom":1,"internalUrls":null,"singleInstance":false,"clearCache":false,"win32metadata":{},"tray":false,"basicAuthUsername":null,"basicAuthPassword":null,"alwaysOnTop":true,"titleBarStyle":null,"globalShortcuts":null,"backgroundColor":null,"darwinDarkModeSupport":false}